-- LBH Club — World Cup Draft : Supabase schema + seed (generated).
-- Paste this whole file into the Supabase SQL Editor and run it once.
-- It is idempotent-ish: it drops and recreates the app tables, so re-running
-- RESETS everything (teams, players, fixtures, draft, scores). Run it again any
-- time you want a clean slate before the real draft.

drop table if exists nominations cascade;
drop table if exists picks cascade;
drop table if exists fixtures cascade;
drop table if exists teams cascade;
drop table if exists players cascade;
drop table if exists settings cascade;

create table players (
  id          integer primary key,
  name        text not null,
  draft_slot  integer
);

create table teams (
  id       integer primary key,
  name     text not null unique,
  code     text,
  grp      text,
  ranking  integer,
  api_id   text
);

create table fixtures (
  id             bigint generated by default as identity primary key,
  api_id         text unique,
  stage          text not null,          -- group,R32,R16,QF,SF,third,final
  grp            text,
  matchday       integer,
  kickoff        timestamptz,
  home_team_id   integer references teams(id),
  away_team_id   integer references teams(id),
  home_score     integer,
  away_score     integer,
  winner_team_id integer references teams(id),
  status         text not null default 'scheduled', -- scheduled,live,finished
  updated_at     timestamptz default now()
);

create table picks (
  id           bigint generated by default as identity primary key,
  pick_number  integer not null unique,
  round        integer not null,
  player_id    integer not null references players(id),
  team_id      integer not null references teams(id) unique,
  created_at   timestamptz default now()
);

create table nominations (
  fixture_id  bigint not null references fixtures(id) on delete cascade,
  player_id   integer not null references players(id),
  team_id     integer not null references teams(id),
  primary key (fixture_id, player_id)
);

create table settings (
  id                 integer primary key default 1,
  draft_status       text not null default 'not_started', -- not_started,in_progress,complete
  draft_started_at   timestamptz,
  score_third_place  boolean not null default true,
  constraint settings_singleton check (id = 1)
);


-- ---- seed: settings ----
insert into settings (id) values (1);

-- ---- seed: players ----
insert into players (id, name) values (1, 'Papacostas');
insert into players (id, name) values (2, 'Kerr');
insert into players (id, name) values (3, 'DeWet');
insert into players (id, name) values (4, 'Barmentloo');
insert into players (id, name) values (5, 'Terpcou');

-- ---- seed: 48 teams (ranking order) ----
insert into teams (id, name, code, grp, ranking) values (1, 'France', 'FRA', 'I', 1);
insert into teams (id, name, code, grp, ranking) values (2, 'Spain', 'ESP', 'H', 2);
insert into teams (id, name, code, grp, ranking) values (3, 'Argentina', 'ARG', 'J', 3);
insert into teams (id, name, code, grp, ranking) values (4, 'England', 'ENG', 'L', 4);
insert into teams (id, name, code, grp, ranking) values (5, 'Portugal', 'POR', 'K', 5);
insert into teams (id, name, code, grp, ranking) values (6, 'Brazil', 'BRA', 'C', 6);
insert into teams (id, name, code, grp, ranking) values (7, 'Netherlands', 'NED', 'F', 7);
insert into teams (id, name, code, grp, ranking) values (8, 'Morocco', 'MAR', 'C', 8);
insert into teams (id, name, code, grp, ranking) values (9, 'Belgium', 'BEL', 'G', 9);
insert into teams (id, name, code, grp, ranking) values (10, 'Germany', 'GER', 'E', 10);
insert into teams (id, name, code, grp, ranking) values (11, 'Croatia', 'CRO', 'L', 11);
insert into teams (id, name, code, grp, ranking) values (12, 'Colombia', 'COL', 'K', 13);
insert into teams (id, name, code, grp, ranking) values (13, 'Senegal', 'SEN', 'I', 14);
insert into teams (id, name, code, grp, ranking) values (14, 'Mexico', 'MEX', 'A', 15);
insert into teams (id, name, code, grp, ranking) values (15, 'United States', 'USA', 'D', 16);
insert into teams (id, name, code, grp, ranking) values (16, 'Uruguay', 'URU', 'H', 17);
insert into teams (id, name, code, grp, ranking) values (17, 'Japan', 'JPN', 'F', 18);
insert into teams (id, name, code, grp, ranking) values (18, 'Switzerland', 'SUI', 'B', 19);
insert into teams (id, name, code, grp, ranking) values (19, 'Iran', 'IRN', 'G', 21);
insert into teams (id, name, code, grp, ranking) values (20, 'Turkey', 'TUR', 'D', 22);
insert into teams (id, name, code, grp, ranking) values (21, 'Ecuador', 'ECU', 'E', 23);
insert into teams (id, name, code, grp, ranking) values (22, 'Austria', 'AUT', 'J', 24);
insert into teams (id, name, code, grp, ranking) values (23, 'South Korea', 'KOR', 'A', 25);
insert into teams (id, name, code, grp, ranking) values (24, 'Australia', 'AUS', 'D', 27);
insert into teams (id, name, code, grp, ranking) values (25, 'Algeria', 'ALG', 'J', 28);
insert into teams (id, name, code, grp, ranking) values (26, 'Egypt', 'EGY', 'G', 29);
insert into teams (id, name, code, grp, ranking) values (27, 'Canada', 'CAN', 'B', 30);
insert into teams (id, name, code, grp, ranking) values (28, 'Norway', 'NOR', 'I', 31);
insert into teams (id, name, code, grp, ranking) values (29, 'Panama', 'PAN', 'L', 33);
insert into teams (id, name, code, grp, ranking) values (30, 'Ivory Coast', 'CIV', 'E', 34);
insert into teams (id, name, code, grp, ranking) values (31, 'Sweden', 'SWE', 'F', 38);
insert into teams (id, name, code, grp, ranking) values (32, 'Paraguay', 'PAR', 'D', 40);
insert into teams (id, name, code, grp, ranking) values (33, 'Czech Republic', 'CZE', 'A', 41);
insert into teams (id, name, code, grp, ranking) values (34, 'Scotland', 'SCO', 'C', 43);
insert into teams (id, name, code, grp, ranking) values (35, 'Tunisia', 'TUN', 'F', 44);
insert into teams (id, name, code, grp, ranking) values (36, 'DR Congo', 'COD', 'K', 46);
insert into teams (id, name, code, grp, ranking) values (37, 'Uzbekistan', 'UZB', 'K', 50);
insert into teams (id, name, code, grp, ranking) values (38, 'Qatar', 'QAT', 'B', 55);
insert into teams (id, name, code, grp, ranking) values (39, 'Iraq', 'IRQ', 'I', 57);
insert into teams (id, name, code, grp, ranking) values (40, 'South Africa', 'RSA', 'A', 60);
insert into teams (id, name, code, grp, ranking) values (41, 'Saudi Arabia', 'KSA', 'H', 61);
insert into teams (id, name, code, grp, ranking) values (42, 'Jordan', 'JOR', 'J', 63);
insert into teams (id, name, code, grp, ranking) values (43, 'Bosnia and Herzegovina', 'BIH', 'B', 65);
insert into teams (id, name, code, grp, ranking) values (44, 'Cape Verde', 'CPV', 'H', 69);
insert into teams (id, name, code, grp, ranking) values (45, 'Ghana', 'GHA', 'L', 74);
insert into teams (id, name, code, grp, ranking) values (46, 'Curaçao', 'CUW', 'E', 82);
insert into teams (id, name, code, grp, ranking) values (47, 'Haiti', 'HAI', 'C', 83);
insert into teams (id, name, code, grp, ranking) values (48, 'New Zealand', 'NZL', 'G', 85);

-- ---- seed: 72 group fixtures ----
insert into fixtures (id, stage, grp, matchday, kickoff, home_team_id, away_team_id) values (1, 'group', 'A', 1, '2026-06-11T19:00:00Z', 14, 40);
insert into fixtures (id, stage, grp, matchday, kickoff, home_team_id, away_team_id) values (2, 'group', 'A', 1, '2026-06-12T02:00:00Z', 23, 33);
insert into fixtures (id, stage, grp, matchday, kickoff, home_team_id, away_team_id) values (3, 'group', 'B', 1, '2026-06-12T19:00:00Z', 27, 43);
insert into fixtures (id, stage, grp, matchday, kickoff, home_team_id, away_team_id) values (4, 'group', 'D', 1, '2026-06-13T01:00:00Z', 15, 32);
insert into fixtures (id, stage, grp, matchday, kickoff, home_team_id, away_team_id) values (5, 'group', 'B', 1, '2026-06-13T19:00:00Z', 38, 18);
insert into fixtures (id, stage, grp, matchday, kickoff, home_team_id, away_team_id) values (6, 'group', 'C', 1, '2026-06-13T22:00:00Z', 6, 8);
insert into fixtures (id, stage, grp, matchday, kickoff, home_team_id, away_team_id) values (7, 'group', 'C', 1, '2026-06-14T01:00:00Z', 47, 34);
insert into fixtures (id, stage, grp, matchday, kickoff, home_team_id, away_team_id) values (8, 'group', 'D', 1, '2026-06-14T04:00:00Z', 24, 20);
insert into fixtures (id, stage, grp, matchday, kickoff, home_team_id, away_team_id) values (9, 'group', 'E', 1, '2026-06-14T17:00:00Z', 10, 46);
insert into fixtures (id, stage, grp, matchday, kickoff, home_team_id, away_team_id) values (10, 'group', 'F', 1, '2026-06-14T20:00:00Z', 7, 17);
insert into fixtures (id, stage, grp, matchday, kickoff, home_team_id, away_team_id) values (11, 'group', 'E', 1, '2026-06-14T23:00:00Z', 30, 21);
insert into fixtures (id, stage, grp, matchday, kickoff, home_team_id, away_team_id) values (12, 'group', 'F', 1, '2026-06-15T02:00:00Z', 31, 35);
insert into fixtures (id, stage, grp, matchday, kickoff, home_team_id, away_team_id) values (13, 'group', 'H', 1, '2026-06-15T16:00:00Z', 2, 44);
insert into fixtures (id, stage, grp, matchday, kickoff, home_team_id, away_team_id) values (14, 'group', 'G', 1, '2026-06-15T19:00:00Z', 9, 26);
insert into fixtures (id, stage, grp, matchday, kickoff, home_team_id, away_team_id) values (15, 'group', 'H', 1, '2026-06-15T22:00:00Z', 41, 16);
insert into fixtures (id, stage, grp, matchday, kickoff, home_team_id, away_team_id) values (16, 'group', 'G', 1, '2026-06-16T01:00:00Z', 19, 48);
insert into fixtures (id, stage, grp, matchday, kickoff, home_team_id, away_team_id) values (17, 'group', 'I', 1, '2026-06-16T19:00:00Z', 1, 13);
insert into fixtures (id, stage, grp, matchday, kickoff, home_team_id, away_team_id) values (18, 'group', 'I', 1, '2026-06-16T22:00:00Z', 39, 28);
insert into fixtures (id, stage, grp, matchday, kickoff, home_team_id, away_team_id) values (19, 'group', 'J', 1, '2026-06-17T01:00:00Z', 3, 25);
insert into fixtures (id, stage, grp, matchday, kickoff, home_team_id, away_team_id) values (20, 'group', 'J', 1, '2026-06-17T04:00:00Z', 22, 42);
insert into fixtures (id, stage, grp, matchday, kickoff, home_team_id, away_team_id) values (21, 'group', 'K', 1, '2026-06-17T17:00:00Z', 5, 36);
insert into fixtures (id, stage, grp, matchday, kickoff, home_team_id, away_team_id) values (22, 'group', 'L', 1, '2026-06-17T20:00:00Z', 4, 11);
insert into fixtures (id, stage, grp, matchday, kickoff, home_team_id, away_team_id) values (23, 'group', 'L', 1, '2026-06-17T23:00:00Z', 45, 29);
insert into fixtures (id, stage, grp, matchday, kickoff, home_team_id, away_team_id) values (24, 'group', 'K', 1, '2026-06-18T02:00:00Z', 37, 12);
insert into fixtures (id, stage, grp, matchday, kickoff, home_team_id, away_team_id) values (25, 'group', 'A', 2, '2026-06-18T16:00:00Z', 33, 40);
insert into fixtures (id, stage, grp, matchday, kickoff, home_team_id, away_team_id) values (26, 'group', 'B', 2, '2026-06-18T19:00:00Z', 18, 43);
insert into fixtures (id, stage, grp, matchday, kickoff, home_team_id, away_team_id) values (27, 'group', 'B', 2, '2026-06-18T22:00:00Z', 27, 38);
insert into fixtures (id, stage, grp, matchday, kickoff, home_team_id, away_team_id) values (28, 'group', 'A', 2, '2026-06-19T01:00:00Z', 14, 23);
insert into fixtures (id, stage, grp, matchday, kickoff, home_team_id, away_team_id) values (29, 'group', 'D', 2, '2026-06-19T19:00:00Z', 15, 24);
insert into fixtures (id, stage, grp, matchday, kickoff, home_team_id, away_team_id) values (30, 'group', 'C', 2, '2026-06-19T22:00:00Z', 34, 8);
insert into fixtures (id, stage, grp, matchday, kickoff, home_team_id, away_team_id) values (31, 'group', 'C', 2, '2026-06-20T00:30:00Z', 6, 47);
insert into fixtures (id, stage, grp, matchday, kickoff, home_team_id, away_team_id) values (32, 'group', 'D', 2, '2026-06-20T03:00:00Z', 20, 32);
insert into fixtures (id, stage, grp, matchday, kickoff, home_team_id, away_team_id) values (33, 'group', 'F', 2, '2026-06-20T17:00:00Z', 7, 31);
insert into fixtures (id, stage, grp, matchday, kickoff, home_team_id, away_team_id) values (34, 'group', 'E', 2, '2026-06-20T20:00:00Z', 10, 30);
insert into fixtures (id, stage, grp, matchday, kickoff, home_team_id, away_team_id) values (35, 'group', 'E', 2, '2026-06-21T00:00:00Z', 21, 46);
insert into fixtures (id, stage, grp, matchday, kickoff, home_team_id, away_team_id) values (36, 'group', 'F', 2, '2026-06-21T04:00:00Z', 35, 17);
insert into fixtures (id, stage, grp, matchday, kickoff, home_team_id, away_team_id) values (37, 'group', 'H', 2, '2026-06-21T16:00:00Z', 2, 41);
insert into fixtures (id, stage, grp, matchday, kickoff, home_team_id, away_team_id) values (38, 'group', 'G', 2, '2026-06-21T19:00:00Z', 9, 19);
insert into fixtures (id, stage, grp, matchday, kickoff, home_team_id, away_team_id) values (39, 'group', 'H', 2, '2026-06-21T22:00:00Z', 16, 44);
insert into fixtures (id, stage, grp, matchday, kickoff, home_team_id, away_team_id) values (40, 'group', 'G', 2, '2026-06-22T01:00:00Z', 48, 26);
insert into fixtures (id, stage, grp, matchday, kickoff, home_team_id, away_team_id) values (41, 'group', 'J', 2, '2026-06-22T17:00:00Z', 3, 22);
insert into fixtures (id, stage, grp, matchday, kickoff, home_team_id, away_team_id) values (42, 'group', 'I', 2, '2026-06-22T21:00:00Z', 1, 39);
insert into fixtures (id, stage, grp, matchday, kickoff, home_team_id, away_team_id) values (43, 'group', 'I', 2, '2026-06-23T00:00:00Z', 28, 13);
insert into fixtures (id, stage, grp, matchday, kickoff, home_team_id, away_team_id) values (44, 'group', 'J', 2, '2026-06-23T03:00:00Z', 42, 25);
insert into fixtures (id, stage, grp, matchday, kickoff, home_team_id, away_team_id) values (45, 'group', 'K', 2, '2026-06-23T17:00:00Z', 5, 37);
insert into fixtures (id, stage, grp, matchday, kickoff, home_team_id, away_team_id) values (46, 'group', 'L', 2, '2026-06-23T20:00:00Z', 4, 45);
insert into fixtures (id, stage, grp, matchday, kickoff, home_team_id, away_team_id) values (47, 'group', 'L', 2, '2026-06-23T23:00:00Z', 29, 11);
insert into fixtures (id, stage, grp, matchday, kickoff, home_team_id, away_team_id) values (48, 'group', 'K', 2, '2026-06-24T02:00:00Z', 12, 36);
insert into fixtures (id, stage, grp, matchday, kickoff, home_team_id, away_team_id) values (49, 'group', 'B', 3, '2026-06-24T19:00:00Z', 18, 27);
insert into fixtures (id, stage, grp, matchday, kickoff, home_team_id, away_team_id) values (50, 'group', 'B', 3, '2026-06-24T19:00:00Z', 43, 38);
insert into fixtures (id, stage, grp, matchday, kickoff, home_team_id, away_team_id) values (51, 'group', 'C', 3, '2026-06-24T22:00:00Z', 34, 6);
insert into fixtures (id, stage, grp, matchday, kickoff, home_team_id, away_team_id) values (52, 'group', 'C', 3, '2026-06-24T22:00:00Z', 8, 47);
insert into fixtures (id, stage, grp, matchday, kickoff, home_team_id, away_team_id) values (53, 'group', 'A', 3, '2026-06-25T01:00:00Z', 33, 14);
insert into fixtures (id, stage, grp, matchday, kickoff, home_team_id, away_team_id) values (54, 'group', 'A', 3, '2026-06-25T01:00:00Z', 40, 23);
insert into fixtures (id, stage, grp, matchday, kickoff, home_team_id, away_team_id) values (55, 'group', 'E', 3, '2026-06-25T20:00:00Z', 46, 30);
insert into fixtures (id, stage, grp, matchday, kickoff, home_team_id, away_team_id) values (56, 'group', 'E', 3, '2026-06-25T20:00:00Z', 21, 10);
insert into fixtures (id, stage, grp, matchday, kickoff, home_team_id, away_team_id) values (57, 'group', 'F', 3, '2026-06-25T23:00:00Z', 17, 31);
insert into fixtures (id, stage, grp, matchday, kickoff, home_team_id, away_team_id) values (58, 'group', 'F', 3, '2026-06-25T23:00:00Z', 35, 7);
insert into fixtures (id, stage, grp, matchday, kickoff, home_team_id, away_team_id) values (59, 'group', 'D', 3, '2026-06-26T02:00:00Z', 20, 15);
insert into fixtures (id, stage, grp, matchday, kickoff, home_team_id, away_team_id) values (60, 'group', 'D', 3, '2026-06-26T02:00:00Z', 32, 24);
insert into fixtures (id, stage, grp, matchday, kickoff, home_team_id, away_team_id) values (61, 'group', 'I', 3, '2026-06-26T19:00:00Z', 28, 1);
insert into fixtures (id, stage, grp, matchday, kickoff, home_team_id, away_team_id) values (62, 'group', 'I', 3, '2026-06-26T19:00:00Z', 13, 39);
insert into fixtures (id, stage, grp, matchday, kickoff, home_team_id, away_team_id) values (63, 'group', 'H', 3, '2026-06-27T00:00:00Z', 44, 41);
insert into fixtures (id, stage, grp, matchday, kickoff, home_team_id, away_team_id) values (64, 'group', 'H', 3, '2026-06-27T00:00:00Z', 16, 2);
insert into fixtures (id, stage, grp, matchday, kickoff, home_team_id, away_team_id) values (65, 'group', 'G', 3, '2026-06-27T03:00:00Z', 26, 19);
insert into fixtures (id, stage, grp, matchday, kickoff, home_team_id, away_team_id) values (66, 'group', 'G', 3, '2026-06-27T03:00:00Z', 48, 9);
insert into fixtures (id, stage, grp, matchday, kickoff, home_team_id, away_team_id) values (67, 'group', 'L', 3, '2026-06-27T21:00:00Z', 29, 4);
insert into fixtures (id, stage, grp, matchday, kickoff, home_team_id, away_team_id) values (68, 'group', 'L', 3, '2026-06-27T21:00:00Z', 11, 45);
insert into fixtures (id, stage, grp, matchday, kickoff, home_team_id, away_team_id) values (69, 'group', 'K', 3, '2026-06-27T23:30:00Z', 12, 5);
insert into fixtures (id, stage, grp, matchday, kickoff, home_team_id, away_team_id) values (70, 'group', 'K', 3, '2026-06-27T23:30:00Z', 36, 37);
insert into fixtures (id, stage, grp, matchday, kickoff, home_team_id, away_team_id) values (71, 'group', 'J', 3, '2026-06-28T02:00:00Z', 25, 22);
insert into fixtures (id, stage, grp, matchday, kickoff, home_team_id, away_team_id) values (72, 'group', 'J', 3, '2026-06-28T02:00:00Z', 42, 3);

-- keep identity counters ahead of seeded ids
select setval(pg_get_serial_sequence('fixtures', 'id'), 72);

-- ---- row level security (open read+write for the shared anon key) ----
alter table players enable row level security;
drop policy if exists "open access" on players;
create policy "open access" on players for all using (true) with check (true);
grant all on table players to anon, authenticated;
alter table teams enable row level security;
drop policy if exists "open access" on teams;
create policy "open access" on teams for all using (true) with check (true);
grant all on table teams to anon, authenticated;
alter table fixtures enable row level security;
drop policy if exists "open access" on fixtures;
create policy "open access" on fixtures for all using (true) with check (true);
grant all on table fixtures to anon, authenticated;
alter table picks enable row level security;
drop policy if exists "open access" on picks;
create policy "open access" on picks for all using (true) with check (true);
grant all on table picks to anon, authenticated;
alter table nominations enable row level security;
drop policy if exists "open access" on nominations;
create policy "open access" on nominations for all using (true) with check (true);
grant all on table nominations to anon, authenticated;
alter table settings enable row level security;
drop policy if exists "open access" on settings;
create policy "open access" on settings for all using (true) with check (true);
grant all on table settings to anon, authenticated;
grant usage, select on all sequences in schema public to anon, authenticated;
